{
  "project_info": {
    "project_number": "752641088007",
    "firebase_url": "https://time-banking.firebaseio.com",
    "project_id": "time-banking",
    "storage_bucket": "time-banking.appspot.com"
  },
  "client": [
    {
      "client_info": {
        "mobilesdk_app_id": "1:752641088007:android:3a4b41486c142fc9",
        "android_client_info": {
          "package_name": "com.timebanking.firebase"
        }
      },
      "oauth_client": [
        {
          "client_id": "752641088007-96vj616eprqs91ga54qkpmc2eaptvuei.apps.googleusercontent.com",
          "client_type": 3
        }
      ],
      "api_key": [
        {
          "current_key": "AIzaSyCcXG7vSXf9BmrMwelkyJxqR1h9T782j18"
        }
      ],
      "services": {
        "analytics_service": {
          "status": 1
        },
        "appinvite_service": {
          "status": 1,
          "other_platform_oauth_client": []
        },
        "ads_service": {
          "status": 2
        }
      }
    }
  ],
  "configuration_version": "1"
}